accuracy,precision,recall,f1,roc_auc,model
0.7623126338329764,0.532258064516129,0.8048780487804879,0.6407766990291263,0.8569804205793995,xgb_pipeline
0.8058529621698787,0.6405797101449275,0.5989159891598916,0.6190476190476191,0.8573795718577342,stacking_xgb_cat
