accuracy,precision,recall,f1,roc_auc
0.7608850820842256,0.5300353356890459,0.8130081300813008,0.6417112299465241,0.8585704607046071
