accuracy,precision,recall,f1,roc_auc
0.7608850820842256,0.5299295774647887,0.8157181571815718,0.6424759871931697,0.8606108590155669
