accuracy,precision,recall,f1,roc_auc
0.752306600425834,0.5215889464594128,0.8074866310160428,0.633788037775446,0.85758867446847
