accuracy,precision,recall,f1,roc_auc
0.7402413058907026,0.5067567567567568,0.8021390374331551,0.6211180124223602,0.8479307137874913
