accuracy,precision,recall,f1,roc_auc,model
0.7508896797153025,0.5192307692307693,0.7983870967741935,0.6292372881355932,0.8544496663856186,xgb_pipeline
