accuracy,precision,recall,roc_auc
0.9859434899900611,0.9851973684210527,0.9614767255216693,0.9992757651698423
