metric,train,test,gap_train_minus_test
accuracy,0.7725446428571429,0.7705357142857143,0.0020089285714285365
precision,0.5435130806193272,0.5429864253393665,0.0005266552799607638
recall,0.8612521150592216,0.8135593220338984,0.047692793025323255
f1,0.6664484451718494,0.6512890094979648,0.01515943567388467
roc_auc,0.8832280805985065,0.8672686183872624,0.015959462211244113
